"vintage","steo_metric","steo_metric_prev","delta_steo","delta_aeo"
2016,43.7166666666667,66.2816458333333,-22.5649791666667,-3.54319583333333
2018,61.9616666666667,55.8558333333333,6.10583333333333,-2.477024125
2019,61.5170833333333,61.9616666666667,-0.444583333333334,-1.77382438709677
2021,54.19875,64.3604166666667,-10.1616666666667,-5.4639455862069
2022,75.7295833333333,54.19875,21.5308333333333,-0.663971035714286
2023,80.6016666666667,75.7295833333333,4.87208333333334,14.2099660740741
