"intercept","slope_delta_steo","r_squared","n_obs","target_delta_steo","predicted_delta_aeo"
0.0651001314152038,0.154866276451626,0.107356944184675,6,-15.11125,-2.27512288861443
