sample,n,intercept,slope_brent,r_squared,rmse,delta_intercept_vs_target,delta_slope_vs_target
full_including_2022,13,2.66796101932605,0.1486687349398,0.243013673256786,7.03948721161192,2.06796101932605,0.0306687349398002
excluding_2022,12,1.85897870943963,0.138677992255783,0.451259548341713,4.26555852690174,1.25897870943963,0.0206779922557826
