sample,model,model_class,lag_span_k,term,estimate,std_error,t_value,p_value,n,r_squared,adj_r_squared,rmse,bic,aic
full_sample,best_lag_model,distributed_lag,0,(Intercept),1.91599577497333,1.16745701783199,1.64117029210326,0.101935067101397,270,0.342802352360961,0.340350122332457,6.37236302912249,1783.08606981685,1772.29080393986
full_sample,best_lag_model,distributed_lag,0,brent_lag0,0.135629683209664,0.0114713215557704,11.8233703545202,3.07736101383632e-26,270,0.342802352360961,0.340350122332457,6.37236302912249,1783.08606981685,1772.29080393986
full_sample,moving_average_model,moving_average,0,(Intercept),1.91599577497333,1.16745701783199,1.64117029210326,0.101935067101397,270,0.342802352360961,0.340350122332457,6.37236302912249,1783.08606981685,1772.29080393986
full_sample,moving_average_model,moving_average,0,brent_ma,0.135629683209664,0.0114713215557704,11.8233703545202,3.07736101383632e-26,270,0.342802352360961,0.340350122332457,6.37236302912249,1783.08606981685,1772.29080393986
excluding_spike_2021_08_to_2022_12,best_lag_model,distributed_lag,0,(Intercept),1.08230767898274,0.610534643674887,1.77272115545841,0.0774877707574742,253,0.654541560029085,0.653165231582985,3.31190449691423,1340.52990698881,1329.92973852262
excluding_spike_2021_08_to_2022_12,best_lag_model,distributed_lag,0,brent_lag0,0.130806160049807,0.00599819562984056,21.8075848341885,7.2689973487878e-60,253,0.654541560029085,0.653165231582985,3.31190449691423,1340.52990698881,1329.92973852262
excluding_spike_2021_08_to_2022_12,moving_average_model,moving_average,0,(Intercept),1.08230767898274,0.610534643674887,1.77272115545841,0.0774877707574742,253,0.654541560029085,0.653165231582985,3.31190449691423,1340.52990698881,1329.92973852262
excluding_spike_2021_08_to_2022_12,moving_average_model,moving_average,0,brent_ma,0.130806160049807,0.00599819562984056,21.8075848341885,7.2689973487878e-60,253,0.654541560029085,0.653165231582985,3.31190449691423,1340.52990698881,1329.92973852262
