period,intercept,slope_brent,n_obs,r_squared,rmse
pre_may2022,-0.41174751734447,1.14927710010187,231,0.924090259780583,11.8097392207325
post_may2022,-21.2282063183057,1.68604879399236,44,0.912005088032898,8.04262597502125
